time_avg_ms,time_std_ms,time_p95_ms,sequence_length,instance_type
19.76949735999824,0.2541426856877701,19.90145485000312,8,c6i.2xlarge
23.01566802000025,0.21075264974841573,23.113788600039697,16,c6i.2xlarge
27.621648709994133,0.4706673937312107,27.723775000083606,32,c6i.2xlarge
36.113858070025344,0.058161156914657314,36.21746904977954,64,c6i.2xlarge
54.05538794997938,0.15972907309242174,54.31452850016285,128,c6i.2xlarge
96.83461055997213,4.578646252217572,108.61536204995446,256,c6i.2xlarge
205.45253428000706,9.368251694236125,226.06799920035883,512,c6i.2xlarge
