time_avg_ms,time_std_ms,time_p95_ms,sequence_length,instance_type
8.2192183100085,0.06987231749042834,8.306808600013937,8,g5.2xlarge
8.258241259999295,0.07877100606169592,8.391429000033668,16,g5.2xlarge
8.130161440003576,0.05837044648727564,8.222437000057425,32,g5.2xlarge
8.182501330002196,0.07119744298315439,8.29133200004435,64,g5.2xlarge
8.232270519999929,0.07174413562910452,8.30933299997696,128,g5.2xlarge
8.121958500000801,0.09314097716395833,8.22760604998507,256,g5.2xlarge
9.908213470007468,0.5765090557901038,10.119604550027361,512,g5.2xlarge
