time_avg_ms,time_std_ms,time_p95_ms,sequence_length,instance_type
3.55424893997224,0.025228056685741844,3.5935500003688503,8,inf2.xlarge
3.0115565399682964,0.010291432429291026,3.0272965499079874,16,inf2.xlarge
3.360238329933054,0.007843455469335804,3.3705485001519264,32,inf2.xlarge
3.9390900999933365,0.012631562408582282,3.9504874997874135,64,inf2.xlarge
6.31602159994145,0.008739551415584553,6.329521500310875,128,inf2.xlarge
12.58961624001131,0.02192460649033318,12.634357000251839,256,inf2.xlarge
28.65198120000059,0.02506589131987508,28.69397500044215,512,inf2.xlarge
