time_avg_ms,time_std_ms,time_p95_ms,sequence_length,instance_type
6.985465100012789,0.04119153677625827,7.035063999842349,8,inf1.2xlarge
8.322175939999852,0.04956702051612108,8.385071699910894,16,inf1.2xlarge
7.130994999997711,0.04895361953609659,7.210759350073204,32,inf1.2xlarge
7.25322194999535,0.06163666270463198,7.331016249850109,64,inf1.2xlarge
8.271442430009301,0.07942338486774941,8.367767799927607,128,inf1.2xlarge
9.852582229975724,0.06875819058968724,9.955366650001451,256,inf1.2xlarge
18.681520020004427,0.09191808808958521,18.86612339999374,512,inf1.2xlarge
