time_avg_ms,time_std_ms,time_p95_ms,sequence_length,instance_type
4.41862150000361,0.05113291152737511,4.504365449980696,8,g5.2xlarge
4.443609559999686,0.04777527206005465,4.521532499990144,16,g5.2xlarge
4.368376429997625,0.040644388002641085,4.435642000009921,32,g5.2xlarge
4.373437020001347,0.04681979215616501,4.447519049983839,64,g5.2xlarge
4.402954329998465,0.04771397482709251,4.476301500034197,128,g5.2xlarge
4.332826289999048,0.03713736260924334,4.394428999944466,256,g5.2xlarge
4.836652520001508,0.35079886097859786,5.133405999993101,512,g5.2xlarge
