time_avg_ms,time_std_ms,time_p95_ms,sequence_length,instance_type
8.415416469998718,0.20817201333690177,8.58998054995368,8,g5.2xlarge
8.383697240001311,0.06235569933036301,8.47944800005962,16,g5.2xlarge
8.3146859199951,0.08439390069719255,8.458551999950714,32,g5.2xlarge
8.334943730002351,0.07021859916807902,8.455944500093437,64,g5.2xlarge
8.417960229999153,0.0721952340492682,8.514482000049384,128,g5.2xlarge
8.293483439999818,0.10553484600324713,8.442100000041819,256,g5.2xlarge
9.896541810003328,0.5405366456425005,10.106680049943861,512,g5.2xlarge
