time_avg_ms,time_std_ms,time_p95_ms,sequence_length,instance_type
0.6020137099949352,0.010859713828791648,0.6270465001648518,8,inf2.xlarge
0.6165404200055491,0.011918514801469028,0.6309745000862678,16,inf2.xlarge
0.6192163399919082,0.04404272020457633,0.6368399999473695,32,inf2.xlarge
0.6445186800033298,0.048785129922178344,0.6672750001257555,64,inf2.xlarge
0.7739528399997653,0.013222287446788139,0.7985874999008047,128,inf2.xlarge
1.3639214699924196,0.15117459169912953,1.3892644999486947,256,inf2.xlarge
3.0546770300043136,0.04421972370183611,3.1224810000935572,512,inf2.xlarge
