time_avg_ms,time_std_ms,time_p95_ms,sequence_length,instance_type
6.907023799998342,0.04261975288179417,6.987044799997476,8,inf1.2xlarge
8.249276079998822,0.054875425877292563,8.32735589999345,16,inf1.2xlarge
7.154531410000686,0.06294091833306291,7.238300349996507,32,inf1.2xlarge
7.162984410001627,0.09426565344379324,7.307764350019852,64,inf1.2xlarge
8.134822249998024,0.09162444509230881,8.268583399978978,128,inf1.2xlarge
9.81709263999278,0.11611038899835624,9.956561149920162,256,inf1.2xlarge
18.45345539999812,0.16644954302218273,18.664766000051713,512,inf1.2xlarge
