time_avg_ms,time_std_ms,time_p95_ms,sequence_length,instance_type
1.2578880600040065,0.05066407248497512,1.3729440501265344,8,inf2.xlarge
1.3294369499863024,0.04367994185962048,1.4241154501178241,16,inf2.xlarge
1.2833163400091507,0.05104426960064708,1.4168409496505776,32,inf2.xlarge
1.2144021400081328,0.08753588417154133,1.4305719500043779,64,inf2.xlarge
1.5697418700165144,0.08945609701500297,1.7268796001417281,128,inf2.xlarge
3.1141490600293764,0.11979710627019635,3.3361610997417297,256,inf2.xlarge
7.147602030031521,0.21993470112680255,7.555448550260734,512,inf2.xlarge
