time_avg_ms,time_std_ms,time_p95_ms,sequence_length,instance_type
64.93368011999905,0.3865077914579065,65.53658200000285,8,c6i.2xlarge
112.63271239999995,2.396469208547866,117.670152950015,16,c6i.2xlarge
130.5597479800005,0.6523453383398793,131.29923849999727,32,c6i.2xlarge
167.5270379499966,1.5155803048325647,170.2164984000234,64,c6i.2xlarge
210.9172815800008,2.580232879586149,213.71948230002147,128,c6i.2xlarge
375.7804463799994,3.094744030071554,379.42438275000256,256,c6i.2xlarge
779.6798490199996,2.867186334389945,783.926459850025,512,c6i.2xlarge
