time_avg_ms,time_std_ms,time_p95_ms,sequence_length,instance_type
3.7220541299757315,0.013082223717978708,3.745258450453548,8,inf1.2xlarge
3.7727936299506837,0.014609685893422826,3.7839687500309083,16,inf1.2xlarge
3.77599729994472,0.009589620851126536,3.7944597001114744,32,inf1.2xlarge
3.998586839970813,0.00463574233081784,4.002105650124577,64,inf1.2xlarge
4.835174170020764,0.012761289118620449,4.871555899944724,128,inf1.2xlarge
8.33004991002781,0.023161100405190697,8.339313450233021,256,inf1.2xlarge
18.48098746996584,0.026671862952237536,18.509826000354224,512,inf1.2xlarge
