time_avg_ms,time_std_ms,time_p95_ms,sequence_length,instance_type
8.268681399990783,0.055780680298699876,8.35456499997349,8,g5.2xlarge
8.331491790003156,0.05778361250604655,8.429903000029526,16,g5.2xlarge
8.23682857999529,0.06762575355433324,8.332740499992042,32,g5.2xlarge
8.243003910002926,0.06107659637354619,8.336327999995774,64,g5.2xlarge
8.323032349990171,0.07755447577441987,8.463835999958746,128,g5.2xlarge
8.18773505000081,0.06545323471057728,8.29700205000563,256,g5.2xlarge
9.888443660009898,0.5668469950717444,10.11763650005264,512,g5.2xlarge
