time_avg_ms,time_std_ms,time_p95_ms,sequence_length,instance_type
19.799710890015376,0.19264235923347253,19.89032675028284,8,c6i.2xlarge
22.987549530007527,0.11499585872297823,23.078071700138025,16,c6i.2xlarge
27.573009370012187,0.07505420154301044,27.702133849902566,32,c6i.2xlarge
36.760504160029086,1.5382971437265456,39.322598699732225,64,c6i.2xlarge
54.42501654998523,1.122812626138701,57.11867295008233,128,c6i.2xlarge
96.64374638998652,3.9871955144963662,102.99850840026464,256,c6i.2xlarge
204.93859684002018,8.681681049200257,225.14119779973498,512,c6i.2xlarge
