time_avg_ms,time_std_ms,time_p95_ms,sequence_length,instance_type
10.86541693999905,0.19817170082310098,11.057386400003821,8,c6i.2xlarge
13.6459515300011,0.09497479160254985,13.82094194999297,16,c6i.2xlarge
16.49679336999995,0.33839307318725564,16.796961899991203,32,c6i.2xlarge
21.738942380000026,0.2752285501316914,22.30488450000152,64,c6i.2xlarge
32.369609709999736,0.374147913605257,32.99566034999444,128,c6i.2xlarge
60.24718339000074,1.1284025633088643,61.852808450007046,256,c6i.2xlarge
118.73754765000001,1.6047770341624248,120.31793574999625,512,c6i.2xlarge
