time_avg_ms,time_std_ms,time_p95_ms,instance_type
3.514338109989694,0.020347566202723894,3.548611550240821,inf2.xlarge
