time_avg_ms,time_std_ms,time_p95_ms,sequence_length,instance_type
3.4118882999928246,0.02983187947717486,3.469481150204956,8,inf1.2xlarge
3.46307668998179,0.041121338898960226,3.5292494500481553,16,inf1.2xlarge
3.6096650500076066,0.04120898822389463,3.66057875014576,32,inf1.2xlarge
3.6874105199694895,0.033072150570733864,3.756754250002814,64,inf1.2xlarge
3.936122130025979,0.062317979745177464,4.0349858500349,128,inf1.2xlarge
5.748981110014029,0.07900765643716319,5.849598100280673,256,inf1.2xlarge
13.673896189993684,0.06009801935785653,13.729963650030186,512,inf1.2xlarge
