time_avg_ms,time_std_ms,time_p95_ms,sequence_length,instance_type
9.96478526001738,0.06315261182984702,10.074721450064317,8,c6i.2xlarge
11.471186259996102,0.08147823764595623,11.60522265020063,16,c6i.2xlarge
14.047295610030233,0.3387802576477353,14.425562649807944,32,c6i.2xlarge
18.426168640007745,0.2386967953322327,18.89241509961721,64,c6i.2xlarge
27.32407804000559,0.07193300238353688,27.426534750225073,128,c6i.2xlarge
48.750376499988306,1.9386716777582456,52.32645154990223,256,c6i.2xlarge
103.30605752001702,2.8428232594239122,108.14462899998034,512,c6i.2xlarge
