time_avg_ms,time_std_ms,time_p95_ms,sequence_length,instance_type
15.813263949999056,0.1192714016307957,15.962072500053639,8,g5.2xlarge
15.976747509989766,0.13303591061820594,16.136355000026015,16,g5.2xlarge
15.729860160004137,0.0745574357635289,15.848166499989702,32,g5.2xlarge
15.792787440002485,0.11253851569962335,16.022685550018423,64,g5.2xlarge
15.815283640005191,0.1429293775784474,15.97347849999551,128,g5.2xlarge
15.82832847000077,0.08737938833110127,15.974935949941482,256,g5.2xlarge
31.200616250001758,0.12433258444526048,31.321124000021427,512,g5.2xlarge
