time_avg_ms,time_std_ms,time_p95_ms,instance_type
9.388691329995709,0.046535996779955006,9.477956700129653,inf1.xlarge
