time_avg_ms,time_std_ms,time_p95_ms,sequence_length,instance_type
9.08833722000736,0.06042951840275423,9.201575500043191,8,g5.2xlarge
9.150924920002126,0.08198409361973795,9.257804499986833,16,g5.2xlarge
9.076347129999931,0.05719368280953503,9.170828449975943,32,g5.2xlarge
9.098335049997104,0.05385660749978684,9.19207400003188,64,g5.2xlarge
9.155189560003691,0.10146988244228017,9.260307050016081,128,g5.2xlarge
9.045087979991422,0.07222930886256883,9.196814499949824,256,g5.2xlarge
12.528949589993772,0.34293601511410854,12.607453499987287,512,g5.2xlarge
