time_avg_ms,time_std_ms,time_p95_ms,sequence_length,instance_type
1.1145134300204518,0.01020128672429867,1.1360319999994317,8,inf2.xlarge
1.1933289199987485,0.00936419999015661,1.2092689999917638,16,inf2.xlarge
1.3109731099666533,0.00922437326077971,1.3299574498887523,32,inf2.xlarge
1.599784650015863,0.016757235340795405,1.6205365001269456,64,inf2.xlarge
2.39824213000702,0.016211692906431034,2.416865000282087,128,inf2.xlarge
4.461277739983416,0.008650244957443216,4.474275549864615,256,inf2.xlarge
10.72538773998076,0.01291460337538872,10.751311500143856,512,inf2.xlarge
