time_avg_ms,time_std_ms,time_p95_ms,sequence_length,instance_type
18.073254979995,0.29810644406553066,18.561600150007962,8,c6i.2xlarge
26.34325705999572,0.38895320938008315,26.65998319995424,16,c6i.2xlarge
32.787893009996196,0.4394892713326399,33.38062145007825,32,c6i.2xlarge
45.462337890006665,0.9751451004252103,46.11180715002661,64,c6i.2xlarge
70.44822873000385,2.546104534753009,77.23782629995526,128,c6i.2xlarge
134.03745986999297,7.800905882038931,148.66963365007564,256,c6i.2xlarge
264.2745661299989,8.127241967931425,279.56314654991274,512,c6i.2xlarge
