time_avg_ms,time_std_ms,time_p95_ms,sequence_length,instance_type
1.1049498099691846,0.011835851209977032,1.128163499834045,8,inf2.xlarge
1.1823128000105498,0.010230692670785298,1.1972515002526052,16,inf2.xlarge
1.2974142899929575,0.015701231071824414,1.314619450522514,32,inf2.xlarge
1.5655871799845045,0.022921925809615336,1.608375499927206,64,inf2.xlarge
2.3961844100085727,0.01715852172243798,2.419188549993123,128,inf2.xlarge
4.403847089997726,0.006473525492629873,4.412044499531476,256,inf2.xlarge
10.738916090031125,0.022213432185970147,10.778004550275,512,inf2.xlarge
